"artist","painting_name","estimated_price","year","time_period","estimated_price_millions","materials","dimentions_cm","area_cm2","image_url","image_name"
"Roy Lichtenstein","“Blonde Waiting “, “Nurse”, “Frightened Girl”, “Sound of Music”","$105 million","1964","Post-War and Contemporary","$105","Oil and magma on canvas"," 121.9 × 121.9 cm",61913.01,"https://theartwolf.com/wp-content/uploads/2022/02/Roy_Lichtenstein_-_48x48_inch_paintings_-_1964-400x400.jpg","Blond_waiting_nurse_frightened_girl_sound_of_music"
"Jasper Johns","""Diver"" and ""According to What""","$120 million","1962 - 1964","Post-War and Contemporary","$120","Oil on canvas"," 228.6 x 431.8 cm ",98709.48,"https://theartwolf.com/wp-content/uploads/2021/09/Jasper_Johns_-_Diver_1962_and_According_to_what_1964-335x400.jpg","Diver_1962_and_According_to_what"
"Gustav Klimt","""Elisabeth Bachofen-Echt (Elisabeth Lederer)"" and ""Fredericke Maria Beer""","$110 million","1914 - 1916","1850-1945","$220","Oil on canvas"," 180 x 128 cm",46080,"https://theartwolf.com/wp-content/uploads/2022/02/Gustav_Klimt_-_Elisabeth_Bachofen-Echt_-_Fredericke_Maria_Beer-576x400.jpg","Fredericke_Maria_Beer"
"Claude Monet","""Le Portail, (soleil)"" and ""La Cathedrale de Rouen, Effet d’Apres-midi""","$105 million","1892-1893","1850-1945","$210","Oil on canvas"," 100 x 65 cm & 106 x 63 cm",13178,"https://theartwolf.com/wp-content/uploads/2023/02/Claude_Monet_-_Cathedrals_-_private_collections_-_2-523x400.jpg","Le_Portail_Cathedrale_de_Rouen"
"Cy Twombly","""Panorama"" and ""Cold Stream"".","$105 million","1955 - 1966","Post-War and Contemporary","$210","Oil and wax crayon on canvas"," 254 x 340.4 cm & 200 x  252.1 cm",136881.6,"https://theartwolf.com/wp-content/uploads/2022/02/Cy_Twombly_-_Panorama_1955_-_Cold_Stream_1966-600x243.jpg","Panorama_Cold_Stream"
"Andy Warhol","""Shot Blue Marilyn"" and ""Shot Sage Blue Marilyn""","$180 million","1964","Post-War and Contemporary","$360","Two oil on canvas","101.6 x 101.6 cm",20645.12,"https://theartwolf.com/wp-content/uploads/2022/05/Andy_Warhol_-_Shot__Blue_Marilyn_-_Shot_Sage_Blue_Marilyn_-_1964-600x322.jpg","Shot__Blue_Marilyn_-_Shot_Sage_Blue_Marilyn"
"Peter Paul Rubens","""The Death of Decius Mus"" and ""The Funeral of Decius Mus""","$170 million","1617","Painting before 1850","$340","Oil on canvas"," 288 x 497 cm & 289 x 515 cm",291971,"https://theartwolf.com/wp-content/uploads/2022/02/Peter_Paul_Rubens_-_Death_of_Decius_Mus_-_Funeral_of_Decius_Mus_-_1617-360x400.jpg","Death_of_Decius"
"Roy Lichtenstein","""Torpedo… Los!"" and ""Okay Hot-Shot, Okay!""","$120 million","1963","Post-War and Contemporary","$120","Oil and magma on canvas"," 172.7 x 203.2 cm",35092.64,"https://theartwolf.com/wp-content/uploads/2022/02/Roy_Lichtenstein_-_Torpedo-los_-_Okay_hot_shot_-_1963-600x327.jpg","Torpedo-los_-_Okay_hot_shot"
"Frida Kahlo","“Yo y mis pericos” and “Autorretrato con monos”","$105 million","1941 - 1943","1850-1945","$210","Oil on canvas"," 82 x 62.8 cm",10252.6,"https://theartwolf.com/wp-content/uploads/2022/02/Frida_Kahlo_-_Yo_y_mis_pericos_-_Autorretrato_con_monos-600x377.jpg","Yo_y_mis_pericos"
"Andy Warhol","200 soup cans","$120 million","1962","Post-War and Contemporary","$120","Oil on canvas"," 182.9 x 254.6 cm",46566.34,"https://theartwolf.com/wp-content/uploads/2021/06/Andy_Warhol_-_200-soup-cans_-_1962.jpg","200-soup-cans"
"Andy Warhol","210 Coca-cola bottles","$115 million","1962","Post-War and Contemporary","$115","Polymer and graphite on canvas"," 209.6 x 266.7 cm",55900.32,"https://theartwolf.com/wp-content/uploads/2022/02/Andy_Warhol_-_210_Coca-Cola_Bottles_-_1962-507x400.jpg","Coca-Cola_Bottles"
"Pablo Picasso","Acrobate et jeune arlequin","$110 million","1905","1850-1945","$110","Gouache on cardboard"," 105 x 76 cm",7980,"https://theartwolf.com/wp-content/uploads/2022/01/Pablo_Picasso_-_Acrobate_et_jeune_arlequin_-_1905-283x400.jpg","Acrobate_et_jeune_arlequin"
"Gustav Klimt","Adele Bloch-bauer I","$225 million","1907","1850-1945","$225","Oil on canvas"," 138 x 138 cm",19044,"https://theartwolf.com/wp-content/uploads/2021/06/Gustav_Klimt_-_Adele_Bloch_Bauer_I_-_1907_-_Oil_silver_and_gold_on_canvbas_-_140_x_140_cm-400x400.jpg","Adele_Bloch_Bauer_I"
"Gustav Klimt","Adele Bloch-bauer II","$160 million","1912","1850-1945","$160","Oil on canvas"," 190 x 120 cm",22800,"https://theartwolf.com/wp-content/uploads/2021/06/Gustav_Klimt_-_Adele_Bloch_Bauer_II_-_1912-243x400.jpg","Adele_Bloch_Bauer_II"
"Rembrandt van Rijn","An Old Woman Reading","$160 million","1655","Painting before 1850","$160","Oil on canvas"," 79 x 65 cm",5135,"https://theartwolf.com/wp-content/uploads/2022/01/Rembrandt_-_Old_Woman_Reading_-_1655-328x400.jpg","Old_Woman_Reading"
"Barnett Newman","Anna's Light","$120 million","1968","Post-War and Contemporary","$120","Oil on canvas"," 270 x 850 cm",229500,"https://theartwolf.com/wp-content/uploads/2021/06/Barnett-Newman_-_Annas-Light_-_1968-600x264.jpg","Annas-Light"
"Paul Gauguin","Annah the Javanese (The Child-woman Judith Is Not Yet Breached)","$125 million","1894","1850-1945","$125","Oil on canvas"," 116 × 81 cm",9396,"https://theartwolf.com/wp-content/uploads/2021/06/Paul_Gauguin_-_Annah_the_Javanese-272x400.jpg","Annah_the_Javanese"
"Pierre-Auguste Renoir","Bal al le Moulin de la Gallette","$190 million","1876","1850-1945","$190","Oil on canvas"," 78 x 114 cm",8892,"https://theartwolf.com/wp-content/uploads/2021/06/Pierre_Auguste_Renoir_-_Dance_at_Le_Moulin_de_la_Galette_-_ex_Whitney_collection-585x400.jpg","Bal_al_Le_Moulin_de_la_Galette"
"Claude Monet","Bassin aux nympheas","$105 million","1900","1850-1945","$210","Oil on canvas"," 89 x 92 cm & 89  x 100 cm",17088,"https://theartwolf.com/wp-content/uploads/2022/02/Claude_Monet_-_Bassin_aux_nympheas_-_1631_1632_and_1633-600x199.jpg","Bassin_aux_nympheas"
"Barnett Newman","Black Fire I","$105 million","1961","Post-War and Contemporary","$105","Acrylic on canvas"," 289.5 x 213.3 cm",61750.35,"https://theartwolf.com/wp-content/uploads/2022/02/Barnett_Newman_-_Black_Fire_I_-_1961-294x400.jpg","Black_Fire_I"
"Jean-Michel Basquiat","Boy and Dog in a Johnnypump","$110 million","1982","Post-War and Contemporary","$110","Oil on canvas"," 240 × 420 cm",100800,"https://theartwolf.com/wp-content/uploads/2021/05/Basquiat_-_Boy-and-Dog-in-a-Johnnypump_-_1982_-_Oil_on_canvas_-_Peter_Brant_Foundation_-_Greenwich-600x338.jpg","Boy-and-Dog-in-a-Johnnypump"
"Raphael","Bridgewater Madonna & The Holy family with a palm tree","$180 million","1506 - 1507","Painting before 1850","$180","Oil on canvas"," 82 x 57 cm",4674,"https://theartwolf.com/wp-content/uploads/2021/09/Raphael_-_Bridgewater_Madonna_and_Holy_Family_with_a_Palm_Tree-600x400.jpg","Bridgewater_Madonna_and_Holy_Family_with_a_Palm_Tree"
"Edward Hopper","Chop Suey","$110 million","1929","Post-War and Contemporary","$110","Oil on canvas","  81.3 x 96.5 cm",7845.45,"https://theartwolf.com/wp-content/uploads/2022/02/Edward_Hopper_-_Chop_Suey_-_1929-477x400.jpg","Chop_Suey"
"Wassily Kandinsky","Composition V","$185 million","1911","1850-1945","$185","Oil on canvas"," 190 x 275 cm",52250,"https://theartwolf.com/wp-content/uploads/2021/06/Wassily_Kandinsky_-_Composition_V_-_1911-573x400.jpg","Composition_V"
"Caravaggio","Conversion of Saint Paul","$285 million","1600","Painting before 1850","$285","Oil on cypress wood"," 237 x 189 cm",44793,"https://theartwolf.com/wp-content/uploads/2021/06/Caravaggio_-_The_Conversion_of_Saint_Paul_-_1600-320x400.jpg","The_Conversion_of_Saint_Paul"
"Gustav Klimt","Danaë","$135 million","1907","1850-1945","$135","Oil on canvas"," 77 x 83 cm",6391,"https://theartwolf.com/wp-content/uploads/2021/09/Gustav_Klimt_-_Danae_-_1907-413x400.jpg","Danae"
"Titian","Danaë (Danaë and the Shower of Gold)","$200 million","1553","Painting before 1850","$200","Oil on canvas"," 114.6 x 192.5 cm",22060.5,"https://theartwolf.com/wp-content/uploads/2022/02/Titian_-_Danae_-_1553_-_Wellington_Collection-600x357.jpg","Danae_shower_of_gold"
"Vincent van Gogh","Daubigny's Garden","$140 million","1890","1850-1945","$140","Oil on canvas"," 50 x 101.5 cm",5075,"https://theartwolf.com/wp-content/uploads/2022/01/Vincent_van_Gogh_-_Daubignys_Garden_-_1890-597x400.jpg","Daubignys_Garden"
"Hans Holbein the Younger","Desiderius Erasmus of Rotterdam","$145 million","1523","Painting before 1850","$145","Oil and tempera on panel"," 76 × 51 cm",NA,"https://theartwolf.com/wp-content/uploads/2021/06/Hans_Holbein_-_Erasmus-283x400.jpg","Erasmus_of_Rotterdam"
"Pablo Picasso","Deux femmes nues se tenant","$105 million","1906","1850-1945","$105","Oil on canvas"," 151 x 100 cm",15100,"https://theartwolf.com/wp-content/uploads/2022/02/Pablo_Picasso_-_Deux_femmes_nues_se_tenant_-_1906-257x400.jpg","Deux_femmes_nues_se_tenant"
"Huang Tingjian","Di Zhu Ming","$110 million","1070-1100","Painting before 1850","$110","Scroll"," 12000 cm ",12000,"https://theartwolf.com/wp-content/uploads/2022/02/Huang_Tingjian_-_Di_Zhu_Ming-600x268.jpg","Di_Zhu_Ming"
"Gustav Klimt","Die Tänzerin (The Dancer)","$110 million","1916-18","1850-1945","$110","Oil on canvas"," 180 x 90 cm",16200,"https://theartwolf.com/wp-content/uploads/2022/01/Gustav_Klimt_-_The_Dancer_-_1916-18-207x400.jpg","The_Dancer"
"Pablo Picasso","Dora Maar au Chat","$145 million","1941","1850-1945","$145","Oil on canvas"," 128.3 x 95.3 cm",12226.99,"https://theartwolf.com/wp-content/uploads/2021/10/Pablo_Picasso_-_Dora_Maar_au_chat-293x400.jpg","Dora_Maar_au_chat"
"Roy Lichtenstein","Eddie diptych","$115 million","1962","Post-War and Contemporary","$115","Oil on canvas"," 111.8 x 132.1cm",14768.78,"https://theartwolf.com/wp-content/uploads/2022/02/Roy_Lichtenstein_-_Eddie_Diptych_-_1962-476x400.jpg","Eddie_Diptych"
"Andy Warhol","Eight Elvises","$160 million","1963","Post-War and Contemporary","$160","Oil on canvas"," 200 x 370 cm",74000,"https://theartwolf.com/wp-content/uploads/2021/06/Andy_Warhol_-_Eight-Elvises-Eight_-_1963_-_Silkscree_on_canvas_-_200_x_370_cm-600x352.jpg","Eight_Elvises"
"Vincent van Gogh","Enclosed field with rising sun","$145 million","1889","1850-1945","$145","Oil on canvas"," 71 x 90.5 cm",6425.5,"https://theartwolf.com/wp-content/uploads/2021/06/Vincent_van_Gogh_-_Enclosed_Field_with_Rising_Sun-496x400.jpg","Enclosed_Field_with_Rising_Sun"
"Jasper Johns","False Start","$140 million","1959","Post-War and Contemporary","$140","Oil on canvas"," 171 x 137 cm",23427,"https://theartwolf.com/wp-content/uploads/2021/09/Jasper_Johns_-_False_Start_-_1959-315x400.jpg","False_Start"
"Pablo Picasso","Femme à la montre","$145 million","1932","1850-1945","$145","Oil on canvas"," 130 x 92 cm",11960,"https://theartwolf.com/wp-content/uploads/2023/08/Pablo_Picasso_-_Femme_a_la_montre-293x400.jpg","Femme_a_la_montre"
"Pablo Picasso","Femme assise dans un jardin","$140 million","1938","1850-1945","$140","Oil on canvas"," 131 x 97 cm",12707,"https://theartwolf.com/wp-content/uploads/2022/01/Pablo_Picasso_-_Femme_Assise_Dans_Un_Jardin_-_1938-296x400.jpg","Femme_Assise_Dans_Un_Jardin"
"Pablo Picasso","Femme au corsage jaune (Woman with Yellow Shirt)","$135 million","1907","1850-1945","$135","oil on canvas"," 130 x 97 cm",12610,"https://theartwolf.com/wp-content/uploads/2021/12/Pablo_Picasso_-_Woman_With_Yellow_Shirt_-_1907-286x400.jpg","Woman_With_Yellow_Shirt"
"Pablo Picasso","Femme aux Bras Croisés","$110 million","1901 - 1902","1850-1945","$110","Oil on canvas"," 81 x 58 cm",4698,"https://theartwolf.com/wp-content/uploads/2022/02/Pablo_Picasso_-_Femme_aux_Bras_Croises_-_1901-02-288x400.jpg","Femme_aux_Bras_Croises"
"Pablo Picasso","Femme nue (La danseuse d'Avignon)","$250 million","1907","1850-1945","$250","Oil on canvas"," 150 x 100 cm",15000,"https://theartwolf.com/wp-content/uploads/2021/06/Pablo_Picasso_-_La_danseuse_dAvignon-246x400.jpg","Femme_nue_dAvignon"
"Pablo Picasso","Fillette à la corbeille fleurie (Jeune fille nue avec panier de fleurs)","$120 million","1905","1850-1945","$120","Oil on canvas"," 154.8 x 66.1 cm",10232.28,"https://theartwolf.com/wp-content/uploads/2022/01/Pablo_Picasso_-_Fillette_a_la_corbeille_fleurie_-_500px-332x800.jpg","Fillette_a_la_corbeille_fleurie"
"Li Gonglin","Five horses","$105 million","1106","Painting before 1850","$105","Scroll on paper"," 26.9 x 204.5 cm",5501.05,"https://theartwolf.com/wp-content/uploads/2022/02/Li_Gonglin_-_Five_Horses-600x78.jpg","Five_Horses"
"Jasper Johns","Flag","$140 million","1958","Post-War and Contemporary","$140","Oil on canvas"," 105.1 x 154.9 cm.",16279.99,"https://upload.wikimedia.org/wikipedia/en/6/6b/Jasper_Johns%27s_%27Flag%27%2C_Encaustic%2C_oil_and_collage_on_fabric_mounted_on_plywood%2C1954-55.jpg',_Encaustic,_oil_and_collage_on_fabric_mounted_on_plywood,1954-55.jpg","Flag"
"Pablo Picasso","Garçon a la pipe","$185 million","1904","1850-1945","$185","oil on canvas"," 100 x 81.3 cm",8130,"https://theartwolf.com/wp-content/uploads/2021/06/Pablo_Picasso_-_Garcon_a_la_pipe_-_1905-324x400.jpg","Garcon_a_la_pipe"
"Andy Warhol","Green Car Crash (Green Burning Car I)","$105 million","1963","Post-War and Contemporary","$105","Silkscreen on canvas"," 228.6 x 203.2 cm",46451.52,"https://theartwolf.com/wp-content/uploads/2022/02/Andy_Warhol_-_Green_Car_Crash_-_1963-356x400.jpg","Green_Car_Crash"
"Paul Cézanne","Harlequin","$110 million","1888 - 1890","1850-1945","$110","Oil on canvas"," 92 x 65 cm",5980,"https://theartwolf.com/wp-content/uploads/2022/01/Paul_Cezanne_-_Arlequin_-_1888-90-268x400.jpg","Arlequin"
"Hans Holbein the Younger","Henry VIII and the Barber Surgeons","$115 million","1525","Painting before 1850","$115","Oil on panel"," 180 x 312 cm",56160,"https://theartwolf.com/wp-content/uploads/2022/02/Hans_Holbein_the_Younger_-_Henry_VIII_and_the_Barber_Surgeons_-_1543-600x352.jpg","Henry_VIII_and_the_Barber_Surgeons"
"Jasper Johns","Highway","$125 million","1959","Post-War and Contemporary","$125","Encaustic painting and collage on canvas"," 190 x 155 cm",29450,"https://theartwolf.com/wp-content/uploads/2022/02/Jasper_Johns_-_Highway_-_1959-323x400.jpg","Highway"
"Pablo Picasso","Homme Assis au Verre","$115 million","1914","1850-1945","$115","Oil on canvas"," 236 x 167.5 cm",39530,"https://theartwolf.com/wp-content/uploads/2022/02/Pablo_Picasso_-_Homme_Assis_Au_Verre_-_1914-272x400.jpg","Homme_Assis_Au_Verre"
"Roy Lichtenstein","Hopeless","$130 million","1963","Post-War and Contemporary","$130","Oil and acrylic on canvas"," 111.8 x 111.8 cm",12499.24,"https://theartwolf.com/wp-content/uploads/2022/02/Roy_Lichtenstein_-_Hopeless_-_1963-406x400.jpg","Hopeless"
"Roy Lichtenstein","In the Car","$105 million","1963","Post-War and Contemporary","$105","Oil on canvas"," 76.2 x 101.6 cm",7741.92,"https://theartwolf.com/wp-content/uploads/2022/02/Roy_Lichtenstein_-_In_the_Car_private_collection_-_1963.jpg","In_the_Car_private_collection"
"Willem de Kooning","Interchange","$180 million","1955","Post-War and Contemporary","$180","Oil on canvas"," 200.7 x 175.7 cm",35262.99,"https://theartwolf.com/wp-content/uploads/2021/06/Willem_de_Kooning_-_Interchange_-_1955_-_Oil_on_canvas_-_200.7_x_175.3_cm-329x400.jpg","Interchange"
"Diego Velázquez","Isabel de Borbón","$120 million","1631 - 1632","Painting before 1850","$120","Oil on canvas"," 207 x 119 cm",24633,"https://theartwolf.com/wp-content/uploads/2021/09/Diego_Velazquez_-_Isabel_de_Borbon_-_1632-220x400.jpg","Isabel_de_Borbon"
"Vincent van Gogh","Jardin à Auvers","$120 million","1890","1850-1945","$120","Oil on canvas"," 64 x 80 cm",5120,"https://theartwolf.com/wp-content/uploads/2022/01/Vincent_van_Gogh_-_Jardin_a_Auvers_-_600px-506x400.jpg","Jardin_a_Auvers"
"Rembrandt van Rijn","Judas returning the 30 pieces of silver","$130 million","1629","Painting before 1850","$130","Oil on canvas"," 79 x 102.3 cm",8081.7,"https://theartwolf.com/wp-content/uploads/2021/06/Rembrandt_-_Judas_Returning_the_Thirty_Silver_Pieces-508x400.jpg","Judas_Returning_the_Thirty_Silver_Pieces"
"Leonardo da Vinci (attributed to)","La Bella Principessa","$120 million","1495 - 1496","Painting before 1850","$120","Crayons on oak panel"," NA",NA,"https://theartwolf.com/wp-content/uploads/2021/06/Attributed_to_Leonardo_da_Vinci_-_La-Bella-Principessa-296x400.jpg","La-Bella-Principessa"
"Pablo Picasso","La dormeuse au miroir (Marie-Thérèse Walter)","$115 million","1932","1850-1945","$115","Oil on canvas"," 162 x 130 cm",21060,"https://theartwolf.com/wp-content/uploads/2022/02/Pablo_Picasso_-_La_dormeuse_au_miroir_Marie-Therese_Walter_-_1932-294x400.jpg","La_dormeuse_au_miroir_Marie-Therese_Walter"
"Paul Cézanne","La Montagne Sainte-Victoire / La Montagne Sainte-Victoire vue du bosquet du Château Noir","$125 million","1888 - 1904","1850-1945","$250","Oil on canvas"," 65 x 81 cm",10530,"https://theartwolf.com/wp-content/uploads/2021/06/Paul_Cezanne_-_La_Montagne_Sainte-Victoire_vue_des_Lauves_-_versions-600x398.jpg","La_Montagne_Sainte"
"Amedeo Modigliani","La Rêveuse (The dreamer)","$115 million","1916","1850-1945","$115","Oil on canvas"," 59.7 x  92.1 cm",5498.37,"https://theartwolf.com/wp-content/uploads/2021/10/Amedeo_Modigliani_-_La_Reveuse_-_1917-600x387.jpg","La_Reveuse"
"Édouard Manet","La Rue Mosnier aux Paveurs","$105 million","1878","1850-1945","$105","Oil on canvas"," 63 x 79 cm",4977,"https://theartwolf.com/wp-content/uploads/2021/10/Edouard_Manet_-_-Paveurs_de_la_Rue_Mosnier_-_1878-499x400.jpg","Paveurs_de_la_Rue_Mosnier"
"Claude Monet","Le bassin aux nympheas","$120 million","1919","1850-1945","$240","Oil on canvas"," 100 x 200 cm",40000,"https://theartwolf.com/wp-content/uploads/2022/02/Claude_Monet_-_Le_Bassin_Aux_Nympheas_-_1919-397x400.jpg","Le_Bassin_Aux_Nympheas"
"Claude Monet","Le bassin aux nympheas","$115 million","1899","1850-1945","$230","Oil on canvas"," 92 x 90 cm & 89 x 92 cm",16468,"https://theartwolf.com/wp-content/uploads/2021/09/Claude_Monet_Le_bassin_aux_nympheas_-_private_collections-600x300.jpg","Le_bassin_aux_nympheas"
"Pablo Picasso","Le couple (Les Misérables)","$135 million","1904","1850-1945","$135","oil on canvas"," 100.5 x 81.5 cm",8190.75,"https://theartwolf.com/wp-content/uploads/2022/01/Pablo_Picasso_-_Le_couple_Les_Miserables_-_1904-320x400.jpg","Le_couple_Les_Miserables"
"René Magritte","Le fils de l’homme (The Son of Man)","$110 million","1964","1850-1945","$110","Oil on canvas"," 116 x 89 cm",10324,"https://theartwolf.com/wp-content/uploads/2023/04/Rene_Magritte_-_Le_fils_de_lhomme_-_1964-315x400.jpg","Le_fils_de_lhomme"
"Henri Matisse","Le jeune marin I (The young sailor I)","$120 million","1906","1850-1945","$120","Oil on canvas"," 99 x 77.5 cm",7672.5,"https://theartwolf.com/wp-content/uploads/2021/06/Henri_Matisse_-_Le_Jeune_Marin_I_-_1906-326x400.jpg","Le_Jeune_Marin_I"
"Paul Cézanne","Le Mont Sainte-Victoire vu des Lauves","$150 million","1902 - 1906","1850-1945","$150","Oil on canvas"," NA",NA,"https://theartwolf.com/wp-content/uploads/2022/08/Paul_Cezanne_-_Montagne_Sainte-Victoire_-_Private-600x250.jpg","Montagne_Sainte-Victoire"
"Vincent van Gogh","Le pont de Trinquetaille","$105 million","1888","1850-1945","$105","Oil on canvas"," 73.5 x 92.5cm",6798.75,"https://theartwolf.com/wp-content/uploads/2022/02/Vincent_van_Gogh_-_Le_pont_de_Trinquetaille_-_1888-510x400.jpg","Le_pont_de_Trinquetaille"
"Pablo Picasso","Le Reve","$220 million","1932","1850-1945","$220","Oil on canvas"," 130 x 97 cm",12610,"https://theartwolf.com/wp-content/uploads/2021/06/Pablo_Picasso_-_Le-reve_-_1932_-_Oil_on_canvas_-_130_x_97_cm_-_Cubism_-_Private_collection_of_Steven_A_Cohen-296x400.jpg","Le-reve"
"Pablo Picasso","Les Femmes dAlger (Versión ""o"")","$175 million","1955","1850-1945","$175","Oil on canvas"," 114 x 156 cm",17784,"https://theartwolf.com/wp-content/uploads/2021/06/Pablo_Picasso_-_Les_femmes_dAlger_-_version_O_-_1955_-_114_x_146.4_cm-512x400.png","Les_femmes_dAlger"
"Paul Cézanne","Les joueurs de cartes","$320 million","1892 - 1893","1850-1945","$320","Oil on canvas"," 97 × 130 cm",12610,"https://theartwolf.com/wp-content/uploads/2021/06/Paul_Cezanne_-_Les_Joueurs_de_cartes_-_3_version_-_1892-1893_-_Oil_on_canvas_-_97_x_130_cm_-_Collection_Al-Thani_Yorck-565x400.jpg","Les_Joueurs_de_cartes"
"Pablo Picasso","Les noces de Pierrette","$140 million","1905","1850-1945","$140","Oil on canvas"," 115 x 195 cm",22425,"https://theartwolf.com/wp-content/uploads/2021/06/Pablo_Picasso_-_Les_noces_de_Pierrette_-_1905-600x368.jpg","Les_noces_de_Pierrette"
"Georges Seurat","Les Poseuses, Ensemble","$140 million","1888","1850-1945","$140","Oil on canvas"," 39.3 x 50 cm",1965,"https://theartwolf.com/wp-content/uploads/2022/09/Georges_Seurat_-_Les_Poseuses_Ensemble_-_small-504x400.jpg","Les_Poseuses_Ensemble"
"Sandro Botticelli","Madonna and Child with two angels","$110 million","1490","Painting before 1850","$110","Tempera on panel"," 115 cm (diameter)",10386.8907,"https://theartwolf.com/wp-content/uploads/2022/02/Sandro_Botticelli_-_Madonna_and_Child_with_two_angels_-_1490-401x400.jpg","Madonna_and_Child_with_two_angels"
"Leonardo da Vinci (attributed to) / Leonardo da Vinci and workshop","Madonna dei fusi","$235 million","1499 - 1507","Painting before 1850","$235","Oil on wood"," 50.2 x 34.6 cm",1736.92,"https://theartwolf.com/wp-content/uploads/2021/06/Leonardo_da_Vinci_-_Madonna_dei_fusi_versions-600x398.jpg","Madonna_dei_fusi_versions"
"Rembrandt van Rijn","Man in Oriental Costume (Uzziah stricken with leprosy)","$135 million","1639","Painting before 1850","$135","Oil on panel"," 102.8 x 78.8 cm",8100.64,"https://theartwolf.com/wp-content/uploads/2021/06/Rembrandt_-_Man_in_an_oriental_costume-315x400.jpg","Man_in_an_oriental_costume"
"Andy Warhol","Mao","$145 million","1972","Post-War and Contemporary","$145","Oil on canvas"," 448 x 346.7 cm",155321.6,"https://theartwolf.com/wp-content/uploads/2021/06/Andy_Warhol_-_Mao_-_private_collection.jpg","Mao"
"Jasper Johns","Map","$115 million","1963","Post-War and Contemporary","$115","Oil on canvas"," NA",NA,"https://theartwolf.com/wp-content/uploads/2022/01/Jasper_Johns_-_Map_-_1963-600x393.jpg","Map"
"Andy Warhol","Marilyn Monroe (Twenty Times)","$115 million","1962","Post-War and Contemporary","$115","Acrylic on canvas"," 195 x 113.6 cm",22152,"https://theartwolf.com/wp-content/uploads/2022/01/Andy_Warhol_-_Marilyn_Monroe_Twenty_Times_-_1962-235x400.jpg","Marilyn_Monroe_Twenty_Times"
"Roy Lichtenstein","Masterpiece","$160 million","1962","Post-War and Contemporary","$160","Oil on canvas"," 137.2 x 137.2 cm",18823.84,"https://theartwolf.com/wp-content/uploads/2021/06/Roy_Lichtenstein_-_Masteripiece_-_1962_-_137_x_137_cm-403x400.jpg","Masteripiece"
"Paul Gauguin","Mata Mua (in olden times)","$150 million","1892","1850-1945","$150","Oil on canvas"," 91 x 69 cm",6279,"https://theartwolf.com/wp-content/uploads/2021/06/Paul_Gauguin_-_Mata_Mua_-_1892-298x400.jpg","Mata_Mua"
"Claude Monet","Meules (Haystacks)","$110 million","1890 - 1891","1850-1945","$220","Oil on canvas"," 73 x 92 cm",13432,"https://theartwolf.com/wp-content/uploads/2022/02/Claude_Monet_-_Meules_W1272_and_W1273-600x243.jpg","Meules"
"Paul Gauguin","Nafea faa ipoipo? (When Will You Marry?)","$200 million","1892","1850-1945","$200","Oil on canvas"," 101 x 77 cm",7777,"https://theartwolf.com/wp-content/uploads/2021/06/Paul_Gauguin_-_Nafea_Faa_Ipoipo_-_1892_-_Oil_on_canvas_-_101_x_77_cm_-_Private_collection-302x400.jpg","Nafea_Faa_Ipoipo"
"Paul Cézanne","Nature morte rideau à fleurs et fruits","$145 million","1904 - 1906","1850-1945","$145","Oil on canvas"," 73 x 92 cm",6716,"https://theartwolf.com/wp-content/uploads/2021/06/Paul_Cezanne_-_Nature-morte-rideau-a-fleurs-et-fruits-501x400.jpg","Nature-morte-rideau-a-fleurs-et-fruits"
"Mark Rothko","No 1 (Royal Red and Blue)","$105 million","1954","Post-War and Contemporary","$105","Oil on canvas"," 288.9 × 171.5 cm",49546.35,"https://theartwolf.com/wp-content/uploads/2022/02/Mark_Rothko_-_1_Royal_Red_and_Blue_-_1954-235x400.jpg","No._1"
"Mark Rothko","No. 2, 1951","$105 million","1951","Post-War and Contemporary","$105","Oil on canvas"," 295.3 x 256.9 cm",75862.57,"https://theartwolf.com/wp-content/uploads/2022/01/Mark_Rothko_-_No._2_1951-348x400.jpg","No._2"
"Mark Rothko","No. 20 (Yellow Expanse)","$180 million","1953","Post-War and Contemporary","$180","Oil on canvas"," 300 x 450 cm",135000,"https://theartwolf.com/wp-content/uploads/2021/06/Mark_Rothko_-_No._20_Yellow_Expanse-500x250.jpg","No._20_Yellow_Expanse"
"Mark Rothko","No. 25 (Red, Gray, White on Yellow)","$110 million","1951","Post-War and Contemporary","$110","Oil on canvas"," 295 x 232 cm",68440,"https://theartwolf.com/wp-content/uploads/2021/10/Mark_Rothko_-_No._25_Red_Gray_White_on_Yellow_-_1951.jpg","No._25_Red_Gray_White_on_Yellow"
"Mark Rothko","No. 6 (Violet, Green and Red)","$115 million","1951","Post-War and Contemporary","$115","Oil on canvas"," 230 x 137 cm",31510,"https://theartwolf.com/wp-content/uploads/2022/02/Mark_Rothko_-_No_6_Violet_Green_and_Red_-_1951-237x400.jpg","No._6"
"Pablo Picasso","Nu à la serviette","$145 million","1907","1850-1945","$145","Oil on canvas"," 116 x 89 cm",10324,"https://theartwolf.com/wp-content/uploads/2021/09/Pablo_Picasso_-_Nu_a_la_serviette_-_1907-307x400.jpg","Nu_a_la_serviette"
"Amedeo Modigliani","Nu assis sur un divan (La Belle Romaine)","$110 million","1917","1850-1945","$110","Oil on canvas"," 100 x 60 cm",6000,"https://theartwolf.com/wp-content/uploads/2022/02/Amedeo_Modigliani_-_La_Belle_Romaine_-_1917-253x400.jpg","La_Belle_Romaine"
"Pablo Picasso","Nu au fauteuil noir","$125 million","1932","1850-1945","$125","Oil on canvas"," 162 x 130cm",21060,"https://theartwolf.com/wp-content/uploads/2022/01/Pablo_Picasso_-_Nu_au_fauteuil_noir_-_1932-317x400.jpg","Nu_au_fauteuil_noir"
"Amedeo Modigliani","Nu au sofa (Almaisa)","$120 million","1916","1850-1945","$120","Oil on canvas"," 81 x 116 cm",9396,"https://theartwolf.com/wp-content/uploads/2022/02/Amedeo_Modigliani_-_Nu_au_sofa_Almaisa_-_1916-582x400.jpg","Nu_au_sofa_Almaisa"
"Amedeo Modigliani","Nu couché","$175 million","1917","1850-1945","$175","Oil on canvas"," 60 x 92 cm",5520,"https://theartwolf.com/wp-content/uploads/2018/12/Amedeo_Modigliani_-_Nu_couche_-_1917-600x366.jpg","Nu_couche_i"
"Amedeo Modigliani","Nu Couché","$145 million","1917","1850-1945","$145","Oil on canvas"," 65 x 100 cm",6500,"https://theartwolf.com/wp-content/uploads/2022/05/Amedeo_Modigliani_-_Nu_Couche_-_1917_-_Agnelli-600x386.jpg","Nu_Couche_ii"
"Amedeo Modigliani","Nu Couché","$125 million","1917","1850-1945","$125","Oil on canvas"," 65 x 100 cm",6500,"https://theartwolf.com/wp-content/uploads/2022/01/Amedeo_Modigliani_-_Nu_couche_-_1917_-_private_collection-600x385.jpg","Nu_couche_iii"
"Amedeo Modigliani","Nu couché (sur le côté gauche)","$155 million","1917","1850-1945","$155","Oil on canvas"," 84 x 146 cm",12264,"https://theartwolf.com/wp-content/uploads/2021/06/Amedeo_Modigliani_-_Reclining_Nude_Nu_couche_-_1917-1918_-_Oil_on_canvas_-_59.9_x_92_cm_-_Private_collection-600x378.jpg","Reclining_Nude_Nu_couche"
"Amedeo Modigliani","Nu Couché au coussin Bleu","$125 million","1916","1850-1945","$125","Oil on canvas"," 60.1 × 92.1 cm",5535.21,"https://theartwolf.com/wp-content/uploads/2021/06/Amedeo_Modigliani_-_Nu_Couche_au_coussin_Bleu-600x375.jpg","Nu_Couche_au_coussin_Bleu"
"Pablo Picasso","Nude, Green Leaves, and Bust (Nu au Plateau de Sculpteur)","$185 million","1932","1850-1945","$185","Oil on canvas"," 162 x 132 cm",21384,"https://theartwolf.com/wp-content/uploads/2010/12/Pablo_Picasso_-_Nude_Green_Leaves_and_Bust_-_1932-320x400.jpg","Nude_Green_Leaves_and_Bust"
"Jackson Pollock","Number 17A, 1948","$130 million","1948","Post-War and Contemporary","$130","Oil on fiberboard"," 112 x 86.5 cm",9688,"https://theartwolf.com/wp-content/uploads/2022/01/Jackson_Pollock_-_Number_17A_1948-522x400.jpg","Number_17A"
"Jackson Pollock","Number 5, 1948","$220 million","1948","Post-War and Contemporary","$220","Oil on canvas"," 243.8 x 121.9 cm",29719.22,"https://theartwolf.com/wp-content/uploads/2021/06/Jackson_Pollock_-_No._5_1948_-_1948_-_Oil_on_fireboard_-_240_x_120_cm_-_Private_collection-600x353.jpg","No._5"
"Jackson Pollock","Number 8, 1950","$120 million","1950","Post-War and Contemporary","$120","Oil on canvas"," 142.2 x 99 cm",14077.8,"https://theartwolf.com/wp-content/uploads/2022/01/Jackson_Pollock_-_Number_8_1950-283x400.jpg","Number_8"
"Roy Lichtenstein","Oh, Jeff...I Love You, Too...But...","$175 million","1964","Post-War and Contemporary","$175","Oil on canvas"," 121.9 x 121.9 cm",14859.61,"https://theartwolf.com/wp-content/uploads/2021/09/Roy_Lichtenstein_-_Oh_Jeff_I_Love_You_Too_But-400x400.jpg","Oh_Jeff_I_Love_You_Too_But"
"Vincent van Gogh","Olive picking","$135 million","1889","1850-1945","$135","Oil on canvas"," 73 x 92 cm",6716,"https://theartwolf.com/wp-content/uploads/2022/02/Vincent_van_Gogh_-_Olive_Picking_-_1889_-_Goulandris_Foundation-506x400.jpg","Olive_Picking"
"Andy Warhol","One hundred and fifty black/white/grey Marilyns","$120 million","1980","Post-War and Contemporary","$120","Acrylic on canvas"," 200 x 1050 cm",210000,"https://theartwolf.com/wp-content/uploads/2021/06/Andy_Warhol_One_hundred_and_fifty_Marilyns.jpg","One_hundred_and_fifty_Marilyns"
"Mark Rothko","Orange, Red, Yellow","$110 million","1961","Post-War and Contemporary","$110","Acrylic on canvas"," 236.2 x 206.4 cm",48751.68,"https://d1dzh206jt2san.cloudfront.net/posts-images/743X483/986_1535731779Npjyn.jpg","Orange_Red_Yellow"
"Vincent van Gogh","Peasant Woman Against a Background of Wheat","$125 million","1890","1850-1945","$125","Oil on canvas"," 92 x 73 cm",6716,"https://theartwolf.com/wp-content/uploads/2021/10/Vincent_van_Gogh_-_-Portrat_einer_jungen_Bauerin_-_1890-315x400.jpg","Peasant_woman_Against_a_background_of_wheat"
"El Greco","Pietá","$110 million","1581","Painting before 1850","$110","Oil on panel"," 120 x 145 cm",17400,"https://theartwolf.com/wp-content/uploads/2022/02/El_Greco_-_Pieta_-_1581-528x400.jpg","Pieta"
"Willem de Kooning","Police Gazette","$110 million","1955","Post-War and Contemporary","$110","Oil on canvas"," 109.9 x 127.6 cm",14023.24,"https://theartwolf.com/wp-content/uploads/2022/02/Willem_de_Kooning_-_Interchange_-_1955-472x400.jpg","Plice_Gazette"
"Vincent van Gogh","Portrait de l'artiste sans barbe","$165 million","1889","1850-1945","$165","Oil on canvas"," 40 x 31 cm",1240,"https://theartwolf.com/wp-content/uploads/2021/06/Vincent_van_Gogh_-_Portrait_artiste_sans_barbe-319x400.jpg","Portrait_artiste_sans_barbe"
"Raphael","Portrait of a man","$110 million","1503 - 1504","Painting before 1850","$110","Oil on panel"," 47 x 37 cm",1739,"https://theartwolf.com/wp-content/uploads/2022/02/Raphael_-_Portrait_of_a_Man_-_Liechtenstein_Collection-310x400.jpg","Portrait_of_a_Man"
"Rembrandt van Rijn","Portrait of a Man (Pieter Six?)","$105 million","1652","Painting before 1850","$105","Oil on canvas"," 92.5 x 73.5 cm",6798.75,"https://theartwolf.com/wp-content/uploads/2022/02/Rembrandt_-_Portrait_of_a_man_Pieter_Six_-_1652-323x400.jpg","Portrait_of_a_man_Pieter_Six"
"Rembrandt van Rijn","Portrait of a Woman, possibly Anna Wijmer","$105 million","1641","Painting before 1850","$105","Oil on canvas"," 99.5 x 81.5 cm",8109.25,"https://theartwolf.com/wp-content/uploads/2022/02/Rembrandt_-_Anna_Wijmer_-_1641-331x400.jpg","Anna_Wijmer"
"Titian","Portrait of a Young Man","$115 million","1515","Painting before 1850","$115","Oil on canvas"," 100 x 84 cm",8400,"https://theartwolf.com/wp-content/uploads/2008/05/Titian_-_Portrait_of_a_young_man_-_c.1515-302x400.jpg","Portrait_of_a_young_man"
"Vincent van Gogh","Portrait of Doctor Gachet","$300 million","1890","1850-1945","$300","Oil on canvas"," 68 x 57 cm",3876,"https://theartwolf.com/wp-content/uploads/2021/06/Vincent_Van_Gogh_-_Portrait_of_Dr._Gachet_-_1890_-_68_x_57_cm-325x400.jpg","Portrait_of_Dr._Gachet"
"Rembrandt van Rijn","Portrait of Jan Six","$320 million","1654","Painting before 1850","$320","Oil on canvas"," 112 x 102 cm",11424,"https://theartwolf.com/wp-content/uploads/2021/06/Rembrandt_-_Jan_Six-364x400.jpg","Jan_Six"
"Raphael","Portrait of Lorenzo de' Medici, Duke of Urbino","$125 million","1516 - 1519","Painting before 1850","$125","Oil on canvas"," 97 x 79 cm",7663,"https://theartwolf.com/wp-content/uploads/2021/06/Raphael_-_Portrait_of_Lorenzo_di_Medici_-_1516-19-325x400.jpg","Portrait_of_Lorenzo_di_Medici"
"Caravaggio","Portrait of Maffeo Barberini","$140 million","1598","Painting before 1850","$140","Oil on canvas"," 124 x 90 cm",11160,"https://theartwolf.com/wp-content/uploads/2021/06/Caravaggio_-_Portrait_of_Maffeo_Barberini-292x400.jpg","Portrait_of_Maffeo_Barberini"
"Vincent van Gogh","Portrait of Patience Escalier","$120 million","1888","1850-1945","$120","Oil on canvas"," 69 x 56 cm",3864,"https://theartwolf.com/wp-content/uploads/2022/02/Vincent_van_Gogh_-_Patience_Escalier_-_1888-305x400.jpg","Patience_Escalier"
"Vincent van Gogh","Portrait of Père Tanguy","$125 million","1887","1850-1945","$125","Oil on canvas"," 65 x 51 cm",3315,"https://theartwolf.com/wp-content/uploads/2021/12/Vincent_van_Gogh_-_Pere_Tanguy_-_1887-306x400.jpg","Pere_Tanguy"
"Pablo Picasso","Portrait of Wilhelm Uhde","$105 million","1910","1850-1945","$105","Oil on canvas"," 81 x 60 cm",4860,"https://theartwolf.com/wp-content/uploads/2022/02/Pablo_Picasso_-_Portrait_of_Wilhelm_Uhde_-_1910-287x400.jpg","Portrait_of_Wilhelm"
"Diego Velázquez","Prince Baltasar Carlos in the Riding School","$150 million","1636","Painting before 1850","$150","Oil on canvas"," 144 x 91 cm",13104,"https://theartwolf.com/wp-content/uploads/2021/06/Diego_Velazquez_-_Leccion_de_equitacion_del_principe_Baltasar_Carlos-266x400.jpg","Leccion_de_equitacion_del_principe_Baltasar_Carlos"
"Paul Cézanne","Rideau Cruchon et Compotier","$135 million","1893 - 1894","1850-1945","$135","Oil on canvas"," 60 x 73 cm",4380,"https://theartwolf.com/wp-content/uploads/2021/06/Paul_Cezanne_-_Rideau_Cruchon_et_Compotier-488x400.jpg","Rideau_Cruchon_et_Compotier"
"Paul Gauguin","Riders on the beach","$130 million","1902","1850-1945","$130","Oil on canvas"," 73 x 92 cm",6716,"https://theartwolf.com/wp-content/uploads/2021/05/gauguin_riders-4-516x400.jpg","Riders_on_the_beach"
"Caravaggio","Saint John the Baptist","$135 million","1610","Painting before 1850","$135","Oil on canvas"," 106 × 179.5 cm",19027,"https://theartwolf.com/wp-content/uploads/2022/02/Caravaggio_-_-Saint_John_the_Baptist_Reclining_-_1610-600x351.jpg","Saint_John_the_Baptist"
"Leonardo da Vinci (attributed to) / Leonardo da Vinci and workshop","Salvator Mundi","$275 million","1500 - 1510","Painting before 1850","$275","Oil on wood"," 65.6 x 45.4 cm",2978.24,"https://theartwolf.com/wp-content/uploads/2021/06/Leonardo_da_Vinci_-_Salvator_Mundi_-_1500_-_Oil_on_walnut_-_45.4_×_65.6_cm_-_with_frame-307x400.jpg","Salvator_Mundi"
"Joseph Mallord William Turner","Seascape Folkestone","$125 million","1845","Painting before 1850","$125","Oil on canvas"," 88.3 x 117.5 cm",10375.25,"https://theartwolf.com/wp-content/uploads/2021/06/Joseph_Mallord_William_Turner_-_Seascape_Folkestone-535x400.jpg","Seascape_Folkestone"
"Vincent van Gogh","Self-portrait Van Gogh","$135 million","1889","1850-1945","$135","Oil on canvas"," 46 x 38 cm",1748,"https://theartwolf.com/wp-content/uploads/2021/12/Vincent_van_Gogh_-_Self-Portrait_-_1888-333x400.jpg","self_portrait_van_gogh"
"Rembrandt van Rijn","Self-portrait Rembrandt","$140 million","1659","Painting before 1850","$140","Oil on canvas"," 52.7 x 42.7 cm",2250.29,"https://theartwolf.com/wp-content/uploads/2021/05/self-portrait-rembrandt-big-328x400.jpg","Self-Portrait_rembrandt"
"Vincent van Gogh","Self-portrait with bandaged ear","$240 million","1889","1850-1945","$240","Oil on canvas"," 60.5 x 50 cm",3025,"https://theartwolf.com/wp-content/uploads/2021/06/Vincent_Van_Gogh_-_Selbstbildnis_mit_verbundenem_Ohr_und_Pfeife_-_1889-359x400.jpg","Shot__Blue_Marilyn_-_Shot_Sage_Blue_Marilyn"
"Andy Warhol","Shot Orange Marilyn","$230 million","1964","Post-War and Contemporary","$230","Oil on canvas"," 101.6 x 101.6 cm",10322.56,"https://theartwolf.com/wp-content/uploads/2022/01/Andy_Warhol_-_Shot_Orange_Marilyn-397x400.jpg","Shot_Orange_Marilyn"
"Andy Warhol","Shot Red Marilyn","$200 million","1964","Post-War and Contemporary","$200","Oil on canvas"," 101.6 x 101.6 cm",10322.56,"https://theartwolf.com/wp-content/uploads/2022/01/Andy_Warhol_-_Shot_Red_Marilyn-400x400.jpg","Shot_Red_Marilyn"
"Andy Warhol","Silver Car Crash","$130 million","1962","Post-War and Contemporary","$130","Oil on canvas"," 266.7 x 417 cm",111213.9,"https://theartwolf.com/wp-content/uploads/2021/06/Andy_Warhol_-_Silver_Car_Crash_-_1963_-_266.7_x_417_cm-600x387.jpg","Silver_Car_Crash"
"Vincent van Gogh","Sous bois","$110 million","1890","1850-1945","$110","Oil on canvas"," 73 x 92 cm",6716,"https://theartwolf.com/wp-content/uploads/2022/02/Vincent_van_Gogh_-_Sous_Bois_-_1890-517x400.jpg","Sous_Bois"
"Francis Bacon","Study for a Self-Portrait - Triptych, 1985-86","$105 million","1985 - 1986","Post-War and Contemporary","$105","Oil on canvas"," 198 x 442.5 cm",87615,"https://theartwolf.com/wp-content/uploads/2022/02/Francis_Bacon_-_Study_for_a_Self-Portrait_-_Triptych_1985%E2%80%9386-600x261.jpg","Study_for_a_Self-Portrait"
"Vincent van Gogh","Sunflowers (Vase with fourteen sunflowers).","$210 million","1888 - 1889","1850-1945","$210","Oil on canvas"," 100.5 x 76.5 cm",7638,"https://theartwolf.com/wp-content/uploads/2022/01/Vincent_van_Gogh_-_Vase_with_Fifteen_Sunflowers_-_1888_-_Japan-310x400.jpg","Vase_with_fourteen_Sunflowers"
"Vincent van Gogh","Sunflowers (Vase with three sunflowers)","$160 million","1888","1850-1945","$160","Oil on canvas"," 73 x 58 cm",4234,"https://theartwolf.com/wp-content/uploads/2022/01/Vincent_van_Gogh_-_Three_Sunflowers_-_1888-322x400.jpg","https://theartwolf.com/wp-content/uploads/2022/01/Vincent_van_Gogh_-_Three_Sunflowers_-_1888-322x400.jpg"
"Andy Warhol","Superman","$115 million","1960","Post-War and Contemporary","$115","Casein and wax crayon on cotton"," 170.2 x 132.1 cm",22483.42,"https://theartwolf.com/wp-content/uploads/2022/02/Andy_Warhol_-_Superman_-_1960-316x400.jpg","superman"
"Jasper Johns","Target with Plaster Cast","$115 million","1955","Post-War and Contemporary","$115","Encaustic and collage on canvas"," 129.5 x 111.8 cm",14478.1,"https://theartwolf.com/wp-content/uploads/2007/02/Jasper_Johns_-_Target-with-Plaster-Casts_-_1955_-_Collection-of-David-Geffen--304x400.jpg","Target-with-Plaster-Casts"
"Roy Lichtenstein","Tex!","$110 million","1962","Post-War and Contemporary","$110","Oil on canvas"," 172.7 x 203.2 cm",35092.64,"https://theartwolf.com/wp-content/uploads/2022/02/Roy_Lichtenstein_-_Tex_-_1962-471x400.jpg","Tex"
"Peter Paul Rubens","The Assumption of the Virgin","$115 million","1637","Painting before 1850","$115","Oil on canvas"," 501 x 351 cm",175851,"https://theartwolf.com/wp-content/uploads/2022/02/Peter_Paul_Rubens_-_Assumption_of_Virgin_Mary_-_1637_-_Liechtenstein_Collections-279x400.jpg","Assumption_of_Virgin_Mary"
"Pablo Picasso","The Bird Cage","$105 million","1923","1850-1945","$105","Oil on canvas"," 201 x 140 cm",28140,"https://theartwolf.com/wp-content/uploads/2022/02/Pablo_Picasso_-_The_Bird_Cage_-_1923-275x400.jpg","The_Bird_Cage"
"Caravaggio","The Crowning with Thorns","$150 million","1604","Painting before 1850","$150","Oil on canvas"," 178 x 125 cm",22250,"https://theartwolf.com/wp-content/uploads/2022/01/Caravaggio_-_The_Crowning_with_Thorns_-_1604-290x400.jpg","The_Crowning_with_Thorns"
"Hans Holbein the Younger","The Darmstadt Madonna","$140 million","1525","Painting before 1850","$140","Oil on panel"," 146.5 x 102 cm",14943,"https://theartwolf.com/wp-content/uploads/2021/06/Hans_Holbein_-_Darmstad_Madonna-281x400.jpg","Darmstad_Madonna"
"Pieter Bruegel the Elder","The Hay Harvest (Haymaking)","$190 million","1565","Painting before 1850","$190","Oil on panel"," 117 x 161 cm",18837,"https://theartwolf.com/wp-content/uploads/2021/06/Pieter_Bruegel_-_The_Haymaking-555x400.jpg","The_Haymaking"
"Henri Matisse","The Idol (L'Idole - Portrait de Madame Matisse)","$125 million","1905","1850-1945","$125","Oil on canvas"," 73 x 60 cm",4380,"https://theartwolf.com/wp-content/uploads/2021/06/Henri_Matisse_-_The_Idol_-_1906-310x400.jpg","The_Idol"
"Vincent van Gogh","The Langlois Bridge at Arles","$115 million","1888","1850-1945","$115","Oil on canvas"," 60 x 65 cm",3900,"https://theartwolf.com/wp-content/uploads/2022/02/Vincent_van_Gogh_-_The_Langlois_Bridge_At_Arles_-_1888-453x400.jpg","The_Langlois_Bridge_At_Arles"
"Caravaggio","The Lute player","$125 million","1596","Painting before 1850","$125","oil on canvas"," 100 x 126.5 cm",12650,"https://theartwolf.com/wp-content/uploads/2021/06/Caravaggio_-_The_Lute_Player_-_1596-511x400.jpg","The_Lute_Player"
"Caravaggio","The Martyrdom of Saint Ursula","$190 million","1604","Painting before 1850","$190","Oil on canvas"," 125 x 178 cm",22250,"https://theartwolf.com/wp-content/uploads/2022/01/Caravaggio_-_The_Martyrdom_of_Saint_Ursula_-_1610-511x400.jpg","The_Martyrdom_of_Saint_Ursula"
"Pablo Picasso","The Mirror (Le Miroir)","$140 million","1932","1850-1945","$140","Oil on canvas"," 162 x 130 cm",21060,"https://theartwolf.com/wp-content/uploads/2022/01/Pablo_Picasso_-_Le_Miroir_-_1932-297x400.jpg","Le_Miroir"
"Edvard Munch","The Scream","$185 million","1895","1850-1945","$185","Pastel on board"," 79 x 59 cm",4661,"https://theartwolf.com/wp-content/uploads/2012/12/Edvard_Munch_-_The_Scream_-_Sothebys-300x400.jpg","The_Scream"
"Titian","The three ages of man","$145 million","1512 - 1514","Painting before 1850","$145","Oil on canvas"," 90 x 150.7 cm",13563,"https://theartwolf.com/wp-content/uploads/2021/06/Titian_-_The_three_ages_of_man_-_1512_14-600x348.jpg","The_three_ages_of_man"
"Willem de Kooning","The time of the fire","$135 million","1957","Post-War and Contemporary","$135","Oil on canvas"," 150.5 x 200.7 cm",30205.35,"https://theartwolf.com/wp-content/uploads/2021/06/Willem_de_Kooning_-_The_Time_of_the_Fire-534x400.jpg","The_Time_of_the_Fire"
"Peter Paul Rubens","The toilet of Venus (Venus in Front of the Mirror)","$140 million","1614 - 1615","Painting before 1850","$140","Oil on panel"," 124 x 98 cm",12152,"https://theartwolf.com/wp-content/uploads/2022/01/Peter_Paul_Rubens_-_The_toilet_of_Venus_-_600px-317x400.jpg","The_toilet_of_Venus"
"Vincent van Gogh","The Town Hall at Auvers","$105 million","1890","1850-1945","$105","Oil on canvas"," 72 x 93 cm",6789,"https://theartwolf.com/wp-content/uploads/2022/02/Vincent_van_Gogh_-_The_Town_Hall_at_Auvers_-_1890-507x400.jpg","The_Town_Hall_at_Auvers"
"Henri Rousseau","The Tropics (Apes in the Orange Grove)","$125 million","1910","1850-1945","$125","Oil on canvas"," 111 x 162.5 cm",18037.5,"https://theartwolf.com/wp-content/uploads/2022/11/Henri_Rousseau_-_Apes_in_the_Orange_Grove_-_The_Tropics_-_1910-572x400.jpg","Apes_in_the_Orange_Grove"
"Vincent van Gogh","The Zouave (The Seated Zouave)","$125 million","1888","1850-1945","$125","Oil on canvas"," 81 x 65 cm",5265,"https://theartwolf.com/wp-content/uploads/2021/12/Vincent_van_Gogh_-_Le_Zouave_-_1888-310x400.jpg","The_Zouave"
"Francis Bacon","Three Portraits: Posthumous Portrait of George Dyer, Self-portrait, and Portrait of Lucian Freud","$140 million","1969","Post-War and Contemporary","$140","Oil on canvas"," 198 x 442.5 cm",87615,"https://theartwolf.com/wp-content/uploads/2021/12/Francis_Bacon_-_Three_Portraits_Posthumous_Portrait_of_George-Dyer_Self-portrait_and_Portrait_of_Lucian_Freud_-_1973-600x271.jpg","Three_Portraits_Posthumous_Portrait_of_George-Dyer_Self-portrait_and_Portrait_of_Lucian_Freud"
"Francis Bacon","Three Studies for a Portrait of Lucian Freud","$125 million","1966","Post-War and Contemporary","$125","Oil on canvas"," 198 x 442.5 cm",87615,"https://theartwolf.com/wp-content/uploads/2022/01/Francis_Bacon_-_Three_studies_for_a_portrait_of_Lucian_Freud_-_1966-600x261.jpg","Three_studies_for_a_portrait_of_Lucian_Freud"
"Francis Bacon","Three Studies of Lucian Freud","$150 million","1969","Post-War and Contemporary","$150","Oil on canvas"," 198 x 442.5 cm",87615,"https://theartwolf.com/wp-content/uploads/2021/06/Francis_Bacon_-_Three_Studies_of_Lucian_Freud_-_1969_-_Oil_on_canvas_-_198_x_147.5_cm-600x264.jpg","Three_Studies_of_Lucian_Freud"
"Francis Bacon","Triptych - Studies of the Human Body","$110 million","1979","Post-War and Contemporary","$110","Oil on canvas"," 198 x 442.5 cm",87615,"https://theartwolf.com/wp-content/uploads/2022/02/Francis_Bacon_-_Triptych-%E2%80%93-Studies_of_the_Human_Body_-_1979-600x266.jpg","Triptych-–-Studies_of_the_Human_Body"
"Francis Bacon","Triptych 1976","$140 million","1976","Post-War and Contemporary","$140","Oil on canvas"," 198 x 442.5 cm",87615,"https://theartwolf.com/wp-content/uploads/2021/06/Francis_Bacon_-_Triptych_1976_-_1976_-_198_x_147.5_cm-600x262.jpg","Triptych_1976"
"Francis Bacon","Triptych May-June 1973","$185 million","1973","Post-War and Contemporary","$185","Oil on canvas"," 198 x 442.5 cm",87615,"https://theartwolf.com/wp-content/uploads/2022/11/Francis_Bacon_-_Triptych_1973_-_Thumbnail-500x250.jpg","Triptych_1973"
"Andy Warhol","Turquoise Marilyn","$165 million","1964","Post-War and Contemporary","$165","Oil on canvas"," 101.6 x 101.6 cm",10322.56,"https://theartwolf.com/wp-content/uploads/2022/05/Andy_Warhol_-_Turquoise_Marilyn_-_1964-400x400.jpg","Turquoise_Marilyn"
"Andy Warhol","Twelve Electric Chairs","$105 million","1964","Post-War and Contemporary","$105","Silkscreen on canvas"," 224.8 x 214 cm",48107.2,"https://theartwolf.com/wp-content/uploads/2022/02/Andy_Warhol_-_Twelve_Electric_Chairs_-_1964-378x400.jpg","Twelve_Electric_Chairs"
"Qi Baishi","Twelve landscapes screens","$140 million","1925","1850-1945","$140","Oil on canvas"," 180 x 47 cm",8460,"https://theartwolf.com/wp-content/uploads/2017/12/Qi_Baishi_-_Twelve_Landscape_Screens-600x187.jpg","Twelve_Landscape_Screens"
"Jasper Johns","Two Flags","$115 million","1962","Post-War and Contemporary","$115","Oil on canvas"," 248.9 x 182.8 cm",45498.92,"https://theartwolf.com/wp-content/uploads/2022/02/Jasper_Johns_-_Two_Flags_-_1962-296x400.jpg","Two_Flags"
"Jean-Michel Basquiat","Untitled","$115 million","1981 - 1982","Post-War and Contemporary","$230","Acrylic on canvas"," 205.74 x 175.9 cm &  183.2 X 173 cm",67883.266,"https://theartwolf.com/wp-content/uploads/2022/01/Jean-Michel_Basquiat_-_Skulls_Broad_and_Maezawa-600x340.jpg","Untitles_Skulls_Broad"
"Barnett Newman","Uriel","$110 million","1955","Post-War and Contemporary","$110","Acrylic on canvas"," 243.8 x 548.6 cm",133748.68,"https://theartwolf.com/wp-content/uploads/2022/02/Barnett_Newman_-_Uriel_-_1955-600x267.jpg","Uriel"
"Vincent van Gogh","Verger avec cyprès","$105 million","1888","1850-1945","$105","Oil on canvas"," 65.2 x 80.2 cm",5229.04,"https://theartwolf.com/wp-content/uploads/2022/10/Vincent_van_Gogh_-_Verger_avec_cypres_-_1888-498x400.jpg","Verger_avec_cypres"
"Gustav Klimt","Wasserschlangen II","$170 million","1907","1850-1945","$170","Oil on canvas"," 80 x 145 cm",11600,"https://theartwolf.com/wp-content/uploads/2021/06/Gustav_Klimt_-_Wasserschlangen_II_Freundinnen_-_1907_-_Oil_on_canvas_-_80_x_145_cm_-_Private_collection-600x347.jpg","Wasserschlangen_II_Freundinnen"
"Vincent van Gogh","Wheat field with Cypresses","$140 million","1889","1850-1945","$140","Oil on canvas"," 51.5 x 65 cm",3347.5,"https://theartwolf.com/wp-content/uploads/2021/06/Vincent_Van_Gogh_-_Wheat_field_with_cypresses_-_private_collection-501x400.jpg","Wheat_field_with_cypresses"
"Mark Rothko","White center (Yellow, Pink and Lavender on Rose)","$135 million","1950","Post-War and Contemporary","$135","Oil on canvas"," 213.4 x 141 cm",30089.4,"https://theartwolf.com/wp-content/uploads/2021/05/rothko_sothebys-1-192x250.jpg","White_center"
"Jackson Pollock","White cockatoo: Number 24A, 1948","$130 million","1948","Post-War and Contemporary","$130","Oil on canvas"," 88.9 x 289.5 cm",25736.55,"https://theartwolf.com/wp-content/uploads/2021/10/Jackson_Pollock_-_White_Cockatoo_-_1948-600x176.jpg","White_Cockatoo"
"Jasper Johns","White Flag","$110 million","1955 - 1958","Post-War and Contemporary","$110","Encaustic paint and newsprint on canvas"," 132.7 x 200 cm",26540,"https://theartwolf.com/wp-content/uploads/2022/02/Jasper_Johns_-_White_Flag_-_smaller_version.jpg","White_Flag"
"Barnett Newman","Who's Afraid of Red, Yellow and Blue I","$105 million","1966","Post-War and Contemporary","$105","Oil on canvas"," 190 x 122 cm",23180,"https://theartwolf.com/wp-content/uploads/2022/02/Barnett_Newman_-_Whos_Afraid_of_Red_Yellow_and_Blue_I_-_1966-283x400.jpg","Whos_Afraid_of_Red_Yellow_and_Blue_I"
"Willem de Kooning","Woman","$105 million","1949","Post-War and Contemporary","$105","Oil on canvas"," 152 x 121 cm",18392,"https://theartwolf.com/wp-content/uploads/2021/10/Willem_de_Kooning_-_Woman_-_1949-313x400.jpg","Woman"
"Willem de Kooning","Woman III","$210 million","1951","Post-War and Contemporary","$210","Oil on canvas"," 171 x 121 cm",20691,"https://theartwolf.com/wp-content/uploads/2021/06/Willem_de_Kooning_-_Woman_III_-_1953_-_Oil_on_canvas_-_172.7_x_123.2_cm_Private_collection_of_Steven_A_Cohen-280x400.jpg","Woman_II"
"Mark Rothko","Yellow over purple","$105 million","1956","Post-War and Contemporary","$105","Oil on canvas"," 176.5 x 150.8 cm",26616.2,"https://theartwolf.com/wp-content/uploads/2023/02/Mark_Rothko_-_Yellow_Over_Purple_-_1956-342x400.jpg","Yellow_Over_Purple"
"Pablo Picasso","Yo Picasso","$130 million","1901","1850-1945","$130","Oil on canvas"," 73.5 x 60.5 cm",4446.75,"https://theartwolf.com/wp-content/uploads/2021/06/Pablo_Picasso_-_Yo_Picasso_-_1901-327x400.jpg","Yo_Picasso"
"Wang Meng","Zhichuan Resettlement","$110 million","1350","Painting before 1850","$110","Hanging scroll on paper"," NA",NA,"https://theartwolf.com/wp-content/uploads/2011/12/Wang_Meng_-_Zhichuan_Resettlement_-_zoom-600x400.jpg","Zhichuan_Resettlement"
